Repository,Status
ayong8/FairSight,Inactive
KenSciResearch/fairMLHealth,Inactive
INSPIRED-GMU/fairkit-learn,Inactive
equialgo/fairness-in-ml,Inactive
AI-secure/DecodingTrust,Active
oracle/guardian-ai,Active
AI4LIFE-GROUP/OpenXAI,Active
cakiki/ml-fairness-validity,Inactive
google/ml-fairness-gym,Inactive
JohnSnowLabs/langtest,Active
EthicalML/xai,Inactive
microsoft/responsible-ai-toolbox,Active
ashryaagr/Fairness.jl,Inactive
ModelOriented/fairmodels,Inactive
ResponsiblyAI/responsibly,Inactive
vanderschaarlab/synthcity,Active
thu-coai/cotk,Inactive
wearepal/EthicML,Archived
dccuchile/wefe,Inactive
microsoft/SafeNLP,Inactive
firmai/ml-fairness-framework,Inactive
aws/amazon-sagemaker-clarify,Inactive
IBM/inFairness,Inactive
pliang279/sent_debias,Inactive
deel-ai/influenciae,Active
credo-ai/credoai_lens,Archived
matloff/EDFfair,Inactive
KCachel/fairranktune,Active
ModelOriented/FairPAN,Inactive
microsoft/responsible-ai-toolbox-genbit,Inactive
ClearExplanationsAI/CLEAR,Inactive
dbountouridis/siren,Inactive
mlr-org/mcboost,Active
cylynx/verifyml,Inactive
oracle-samples/automlx,Active
adebayoj/fairml,Inactive
columbia/fairtest,Inactive
FAIR4HEP/FAIR4HEP-Toolkit,Inactive
barcoopensource/vivaldy-ai-analysis-dashboard,Inactive
Teddyzander/FairR,Inactive
hannanabdul55/seldonian-fairness,Inactive
aida-ugent/fairret,Active
Telefonica/XAIoGraphs,Active
kamyabnazari/fair-energy-ai,Active
umang-garg21/Fair-MisGAIN,Inactive
sethneel/GerryFair,Inactive
martinetoering/Embetter,Inactive
dssg/aequitas,Active
cosmicBboy/themis-ml,Archived
Trusted-AI/AIF360,Active
drivendataorg/deon,Active
fairlearn/fairlearn,Active
fat-forensics/fat-forensics,Inactive
meelgroup/justicia,Inactive
linkedin/LiFT,Inactive
pymetrics/audit-ai,Inactive
Tizpaz/Parfait-ML,Active
PAIR-code/what-if-tool,Active
tensorflow/fairness-indicators,Active
