Keyword,Total_Occurrences
import fairsight,54
import fairmlhealth,46
import fairkit-learn,35
activate fairness-in-ml,3
import decoding-trust,3
from guardian_ai,180
from openxai,164
import ml-fairness-validity,0
from langtest,2792
"'""import fairness"" language:R'",0
import xai,8376
import ResponsibleAIDashboard,223
"using Fairness, MLJ",572
import fairmodels,189
from responsibly,14080
from synthcity,720
import cotk,2356
import ethicml,112
from credoai,21
import EDFfair,4
import FairRankTune,27
import FairPAN,129
from genbit,5440
import CLEAR_settings,3128
import SIREN,68864
import mcboost,258
import verifyml,168
import giskard,1584
from wefe,12640
python safety_score.py,5
import fairput,64
import smclarify,286
from inFairness,408
import debias-BERT,8
from deel.influenciae,41
import automlx,65
from fairml,1560
from fairtest,590
import FAIR4HEP,16
import vivaldy-ai-analysis-dashboard,0
import FairR,6144
from seldonian,382
from fairret,108
from xaiographs,83
import fair-energy-ai,1
import Fair-MisGAIN,0
from embetter,2144
import fairpy,306
from aequitas,7552
import themis-ml,79
from aif360,2024
$ deon -o ETHICS.md,0
import fairlearn,3464
import fat-forensics,145
$ deon -o ETHICS.md,0
import from justicia,8080
compile 'com.linkedin.lift,1
from auditai,582
docker pull tizpaz/parfaitml,1
from witwidget,476
import fairness-indicators,260
from witconfigbuilder,201
